﻿[
  {
    "cmd": "ha",
    "gate": "𝙃𝙖𝙠𝙪",
    "site": "shoepalace.com",
    "type": "premium"
  },
  {
    "cmd": "hq",
    "gate": "🎀𝐻𝒶𝓇𝓁𝑒𝓎 𝒬𝓊𝒾𝓃𝓃🎀",
    "site": "shop.wellwise.ca",
    "type": "premium"
  },
  {
    "cmd": "da",
    "gate": "𝘿𝙖𝙞𝙗𝙪𝙩𝙨𝙪",
    "site": "www.burkedecor.com",
    "type": "premium"
  },
  {
    "cmd": "kr",
    "gate": "𝙆𝙖𝙧𝙞𝙣",
    "site": "morphe.com",
    "type": "premium"
  },
  {
    "cmd": "za",
    "gate": "𝙕𝙖𝙗𝙪𝙯𝙖",
    "site": "www.cuccoo.com",
    "type": "premium"
  },
  {
    "cmd": "as",
    "gate": "𝘼𝙨𝙪𝙢𝙖",
    "site": "www.edenbrothers.com",
    "type": "free"
  },
  {
    "cmd": "ob",
    "gate": "𝙊𝙗𝙞𝙩𝙤",
    "site": "www.harrisfarm.com.au",
    "type": "premium"
  },
  {
    "cmd": "hi",
    "gate": "𝙃𝙞𝙙𝙖𝙣",
    "site": "splendid.com",
    "type": "free"
  },
  {
    "cmd": "ky",
    "gate": "𝙆𝙮𝙪𝙨𝙪𝙠𝙚",
    "site": "journelle.com",
    "type": "premium"
  },
  {
    "cmd": "mi",
    "gate": "𝙈𝙞𝙣𝙖𝙩𝙤",
    "site": "www.kookai.us",
    "type": "premium"
  },
  {
    "cmd": "to",
    "gate": "𝙏𝙤𝙗𝙞",
    "site": "www.sheglam.com",
    "type": "premium"
  },
  {
    "cmd": "sa",
    "gate": "𝙎𝙖𝙨𝙤𝙧𝙞",
    "site": "www.giftlab.com",
    "type": "premium"
  },
  {
    "cmd": "su",
    "gate": "𝙎𝙖𝙠𝙪𝙧𝙖",
    "site": "moonmagic.com",
    "type": "premium"
  },
  {
    "cmd": "uc",
    "gate": "𝙐𝙘𝙝𝙞𝙝𝙖",
    "site": "thursdayboots.com",
    "type": "premium"
  },
  {
    "cmd": "ze",
    "gate": "𝙕𝙚𝙩𝙨𝙪",
    "site": "www.incu.com",
    "type": "premium"
  },
  {
    "cmd": "ch",
    "gate": "𝘾𝙝𝙧𝙤𝙣𝙞𝙘",
    "site": "bluemercury.com",
    "type": "premium"
  },
  {
    "cmd": "de",
    "gate": "𝘿𝙚𝙞𝙙𝙖𝙧𝙖",
    "site": "blendtec.com",
    "type": "premium"
  },
  {
    "cmd": "ve",
    "gate": "𝙑𝙚𝙜𝙚𝙩𝙖",
    "site": "www.ashleyjewels.com",
    "type": "premium"
  },
  {
    "cmd": "le",
    "gate": "𝙇𝙚𝙡𝙤𝙪𝙘𝙝 𝙇𝙖𝙢𝙥𝙚𝙧𝙤𝙪𝙜𝙚",
    "site": "ksubi.com",
    "type": "premium"
  },
  {
    "cmd": "gu",
    "gate": "𝙂𝙪𝙩",
    "site": "rockabilia.com",
    "type": "premium"
  },
  {
    "cmd": "si",
    "gate": "𝙎𝙖𝙞𝙠𝙚𝙣",
    "site": "www.maxtool.com",
    "type": "free"
  },
  {
    "cmd": "jt",
    "gate": "𝙅𝙪𝙩𝙨𝙪",
    "site": "www.myfacesocks.com",
    "type": "premium"
  },
  {
    "cmd": "sn",
    "gate": "𝙎𝙖𝙣𝙞𝙣",
    "site": "nothingnew.com",
    "type": "free"
  },
  {
    "cmd": "ke",
    "gate": "𝙠𝙚𝙠𝙠𝙚𝙞",
    "site": "shopnicekicks.com",
    "type": "premium"
  },
  {
    "cmd": "ri",
    "gate": "𝙍𝙞𝙣𝙚𝙜𝙖𝙣",
    "site": "www.petsense.com",
    "type": "premium"
  },
  {
    "cmd": "dr",
    "gate": "𝘿𝙧𝙤𝙭𝙭",
    "site": "fellahamilton.com.au",
    "type": "premium"
  },
  {
    "cmd": "oz",
    "gate": "𝙊𝙯𝙯𝙮",
    "site": "www.thewodlife.com.au",
    "type": "premium"
  },
  {
    "cmd": "st",
    "gate": "𝙎𝙠𝙚𝙩𝙞𝙩",
    "site": "picapicatx.com/",
    "type": "premium"
  },
  {
    "cmd": "be",
    "gate": "𝘽𝙚𝙖𝙨𝙩𝙡𝙤𝙧𝙙",
    "site": "www.altitude-sports.com",
    "type": "free"
  },
  {
    "cmd": "bl",
    "gate": "𝘽𝙚𝙡𝙡𝙞𝙣𝙜𝙝𝙖𝙢",
    "site": "www.svsound.com",
    "type": "premium"
  },
  {
    "cmd": "ju",
    "gate": "𝙅𝙪𝙙𝙚",
    "site": "wildflowersex.com",
    "type": "premium"
  },
  {
    "cmd": "mo",
    "gate": "𝙈𝙤𝙧𝙖",
    "site": "sweethoneyclothing.com",
    "type": "premium"
  }